Dubose Custom Homes,North Carolina
"Grand Living Homes, Llc",North Carolina
Hb Developers Llc,North Carolina
Image Custom Homes,North Carolina
J & J Custom Homes Llc,North Carolina
JW Homes,North Carolina
Kb Holdings,North Carolina
"Kisers Home Service & Repairs, Inc",North Carolina
Knight Residential,North Carolina
Legend-Design Build,North Carolina
Lki,North Carolina
Mccormick Custom,North Carolina
Mills Eloge,North Carolina
Murphy,North Carolina
Paulina Homes,North Carolina
Pervis And Nova,North Carolina
Saussy Burbank,North Carolina
The Building Agency Custom Homes Llc,North Carolina
The Cloninger Group,North Carolina
Thompsoncustombuildinggrp,North Carolina
Toll Brothers,North Carolina
Welch Construction Group,North Carolina
Williams Farrow Builders,North Carolina
A3 Custom Homes,North Carolina
All Pro,North Carolina
Birdco Inc,North Carolina
